game_id,temp_c,rel_humidity,wind_kph,mslp_hpa
2024-05-08_BAL_WSH,20.0,50.0,8.0,1015.0
2024-05-07_BAL_WSH,20.0,50.0,8.0,1015.0
2024-05-05_TOR_WSH,20.0,50.0,8.0,1015.0
2024-05-04_TOR_WSH,20.0,50.0,8.0,1015.0
2024-04-23_LAD_WSH,20.0,50.0,8.0,1015.0
2024-04-24_LAD_WSH,20.0,50.0,8.0,1015.0
2024-04-20_HOU_WSH,20.0,50.0,8.0,1015.0
2024-04-21_HOU_WSH,20.0,50.0,8.0,1015.0
2024-04-25_LAD_WSH,20.0,50.0,8.0,1015.0
2024-05-03_TOR_WSH,20.0,50.0,8.0,1015.0
2024-04-03_PIT_WSH,20.0,50.0,8.0,1015.0
2024-04-04_PIT_WSH,20.0,50.0,8.0,1015.0
2024-04-07_PHI_WSH,20.0,50.0,8.0,1015.0
2024-04-19_HOU_WSH,20.0,50.0,8.0,1015.0
2024-04-06_PHI_WSH,20.0,50.0,8.0,1015.0
2024-04-05_PHI_WSH,20.0,50.0,8.0,1015.0
2024-04-01_PIT_WSH,20.0,50.0,8.0,1015.0
2024-05-01_KC_TOR,20.0,50.0,8.0,1015.0
2024-05-10_MIN_TOR,20.0,50.0,8.0,1015.0
2024-05-12_MIN_TOR,20.0,50.0,8.0,1015.0
2024-04-30_KC_TOR,20.0,50.0,8.0,1015.0
2024-05-11_MIN_TOR,20.0,50.0,8.0,1015.0
2024-04-16_NYY_TOR,20.0,50.0,8.0,1015.0
2024-04-29_KC_TOR,20.0,50.0,8.0,1015.0
2024-04-27_LAD_TOR,20.0,50.0,8.0,1015.0
2024-04-28_LAD_TOR,20.0,50.0,8.0,1015.0
2024-04-17_NYY_TOR,20.0,50.0,8.0,1015.0
2024-04-26_LAD_TOR,20.0,50.0,8.0,1015.0
2024-04-10_SEA_TOR,20.0,50.0,8.0,1015.0
2024-04-15_NYY_TOR,20.0,50.0,8.0,1015.0
2024-04-14_COL_TOR,20.0,50.0,8.0,1015.0
2024-04-13_COL_TOR,20.0,50.0,8.0,1015.0
2024-04-12_COL_TOR,20.0,50.0,8.0,1015.0
2024-04-08_SEA_TOR,20.0,50.0,8.0,1015.0
2024-04-09_SEA_TOR,20.0,50.0,8.0,1015.0
2024-05-14_CLE_TEX,20.0,50.0,8.0,1015.0
2024-05-15_CLE_TEX,20.0,50.0,8.0,1015.0
2024-04-30_WSH_TEX,20.0,50.0,8.0,1015.0
2024-05-13_CLE_TEX,20.0,50.0,8.0,1015.0
2024-04-27_CIN_TEX,20.0,50.0,8.0,1015.0
2024-05-02_WSH_TEX,20.0,50.0,8.0,1015.0
2024-04-28_CIN_TEX,20.0,50.0,8.0,1015.0
2024-05-01_WSH_TEX,20.0,50.0,8.0,1015.0
2024-04-10_OAK_TEX,20.0,50.0,8.0,1015.0
2024-04-26_CIN_TEX,20.0,50.0,8.0,1015.0
2024-04-23_SEA_TEX,20.0,50.0,8.0,1015.0
2024-04-25_SEA_TEX,20.0,50.0,8.0,1015.0
2024-04-24_SEA_TEX,20.0,50.0,8.0,1015.0
2024-04-11_OAK_TEX,20.0,50.0,8.0,1015.0
2024-04-09_OAK_TEX,20.0,50.0,8.0,1015.0
2024-04-06_HOU_TEX,20.0,50.0,8.0,1015.0
2024-04-07_HOU_TEX,20.0,50.0,8.0,1015.0
2024-04-05_HOU_TEX,20.0,50.0,8.0,1015.0
2024-04-08_HOU_TEX,20.0,50.0,8.0,1015.0
2024-05-12_NYY_TB,20.0,50.0,8.0,1015.0
2024-05-10_NYY_TB,20.0,50.0,8.0,1015.0
2024-05-07_CWS_TB,20.0,50.0,8.0,1015.0
2024-05-11_NYY_TB,20.0,50.0,8.0,1015.0
2024-05-08_CWS_TB,20.0,50.0,8.0,1015.0
2024-05-06_CWS_TB,20.0,50.0,8.0,1015.0
2024-04-24_DET_TB,20.0,50.0,8.0,1015.0
2024-05-04_NYM_TB,20.0,50.0,8.0,1015.0
2024-05-03_NYM_TB,20.0,50.0,8.0,1015.0
2024-04-23_DET_TB,20.0,50.0,8.0,1015.0
2024-05-05_NYM_TB,20.0,50.0,8.0,1015.0
2024-04-18_LAA_TB,20.0,50.0,8.0,1015.0
2024-04-17_LAA_TB,20.0,50.0,8.0,1015.0
2024-04-15_LAA_TB,20.0,50.0,8.0,1015.0
2024-04-22_DET_TB,20.0,50.0,8.0,1015.0
2024-04-16_LAA_TB,20.0,50.0,8.0,1015.0
2024-04-01_TEX_TB,20.0,50.0,8.0,1015.0
2024-04-13_SF_TB,20.0,50.0,8.0,1015.0
2024-04-02_TEX_TB,20.0,50.0,8.0,1015.0
2024-04-12_SF_TB,20.0,50.0,8.0,1015.0
2024-04-14_SF_TB,20.0,50.0,8.0,1015.0
2024-04-03_TEX_TB,20.0,50.0,8.0,1015.0
2024-05-06_NYM_STL,20.0,50.0,8.0,1015.0
2024-05-04_CWS_STL,20.0,50.0,8.0,1015.0
2024-05-05_CWS_STL,20.0,50.0,8.0,1015.0
2024-05-07_NYM_STL,20.0,50.0,8.0,1015.0
2024-05-03_CWS_STL,20.0,50.0,8.0,1015.0
2024-04-24_AZ_STL,20.0,50.0,8.0,1015.0
2024-04-19_MIL_STL,20.0,50.0,8.0,1015.0
2024-04-20_MIL_STL,20.0,50.0,8.0,1015.0
2024-04-22_AZ_STL,20.0,50.0,8.0,1015.0
2024-04-21_MIL_STL,20.0,50.0,8.0,1015.0
2024-04-23_AZ_STL,20.0,50.0,8.0,1015.0
2024-04-08_PHI_STL,20.0,50.0,8.0,1015.0
2024-04-09_PHI_STL,20.0,50.0,8.0,1015.0
2024-04-10_PHI_STL,20.0,50.0,8.0,1015.0
2024-04-06_MIA_STL,20.0,50.0,8.0,1015.0
2024-04-07_MIA_STL,20.0,50.0,8.0,1015.0
2024-04-04_MIA_STL,20.0,50.0,8.0,1015.0
2024-05-12_OAK_SEA,20.0,50.0,8.0,1015.0
2024-05-13_KC_SEA,20.0,50.0,8.0,1015.0
2024-05-14_KC_SEA,20.0,50.0,8.0,1015.0
2024-05-15_KC_SEA,20.0,50.0,8.0,1015.0
2024-04-30_ATL_SEA,20.0,50.0,8.0,1015.0
2024-05-01_ATL_SEA,20.0,50.0,8.0,1015.0
2024-05-11_OAK_SEA,20.0,50.0,8.0,1015.0
2024-04-29_ATL_SEA,20.0,50.0,8.0,1015.0
2024-05-10_OAK_SEA,20.0,50.0,8.0,1015.0
2024-04-28_AZ_SEA,20.0,50.0,8.0,1015.0
2024-04-27_AZ_SEA,20.0,50.0,8.0,1015.0
2024-04-17_CIN_SEA,20.0,50.0,8.0,1015.0
2024-04-15_CIN_SEA,20.0,50.0,8.0,1015.0
2024-04-26_AZ_SEA,20.0,50.0,8.0,1015.0
2024-04-16_CIN_SEA,20.0,50.0,8.0,1015.0
2024-04-14_CHC_SEA,20.0,50.0,8.0,1015.0
2024-04-13_CHC_SEA,20.0,50.0,8.0,1015.0
2024-04-02_CLE_SEA,20.0,50.0,8.0,1015.0
2024-04-12_CHC_SEA,20.0,50.0,8.0,1015.0
2024-04-03_CLE_SEA,20.0,50.0,8.0,1015.0
2024-04-01_CLE_SEA,20.0,50.0,8.0,1015.0
2024-05-10_CIN_SF,20.0,50.0,8.0,1015.0
2024-05-15_LAD_SF,20.0,50.0,8.0,1015.0
2024-05-14_LAD_SF,20.0,50.0,8.0,1015.0
2024-05-13_LAD_SF,20.0,50.0,8.0,1015.0
2024-05-11_CIN_SF,20.0,50.0,8.0,1015.0
2024-05-12_CIN_SF,20.0,50.0,8.0,1015.0
2024-04-24_NYM_SF,20.0,50.0,8.0,1015.0
2024-04-26_PIT_SF,20.0,50.0,8.0,1015.0
2024-04-23_NYM_SF,20.0,50.0,8.0,1015.0
2024-04-28_PIT_SF,20.0,50.0,8.0,1015.0
2024-04-27_PIT_SF,20.0,50.0,8.0,1015.0
2024-04-22_NYM_SF,20.0,50.0,8.0,1015.0
2024-04-19_AZ_SF,20.0,50.0,8.0,1015.0
2024-04-21_AZ_SF,20.0,50.0,8.0,1015.0
2024-04-20_AZ_SF,20.0,50.0,8.0,1015.0
2024-04-10_WSH_SF,20.0,50.0,8.0,1015.0
2024-04-18_AZ_SF,20.0,50.0,8.0,1015.0
2024-04-09_WSH_SF,20.0,50.0,8.0,1015.0
2024-04-06_SD_SF,20.0,50.0,8.0,1015.0
2024-04-05_SD_SF,20.0,50.0,8.0,1015.0
2024-04-07_SD_SF,20.0,50.0,8.0,1015.0
2024-04-08_WSH_SF,20.0,50.0,8.0,1015.0
2024-05-15_COL_SD,20.0,50.0,8.0,1015.0
2024-05-14_COL_SD,20.0,50.0,8.0,1015.0
2024-05-12_LAD_SD,20.0,50.0,8.0,1015.0
2024-05-13_COL_SD,20.0,50.0,8.0,1015.0
2024-05-10_LAD_SD,20.0,50.0,8.0,1015.0
2024-05-11_LAD_SD,20.0,50.0,8.0,1015.0
2024-05-01_CIN_SD,20.0,50.0,8.0,1015.0
2024-04-26_PHI_SD,20.0,50.0,8.0,1015.0
2024-04-27_PHI_SD,20.0,50.0,8.0,1015.0
2024-04-30_CIN_SD,20.0,50.0,8.0,1015.0
2024-04-29_CIN_SD,20.0,50.0,8.0,1015.0
2024-04-28_PHI_SD,20.0,50.0,8.0,1015.0
2024-04-10_CHC_SD,20.0,50.0,8.0,1015.0
2024-04-19_TOR_SD,20.0,50.0,8.0,1015.0
2024-04-20_TOR_SD,20.0,50.0,8.0,1015.0
2024-04-08_CHC_SD,20.0,50.0,8.0,1015.0
2024-04-09_CHC_SD,20.0,50.0,8.0,1015.0
2024-04-21_TOR_SD,20.0,50.0,8.0,1015.0
2024-04-01_STL_SD,20.0,50.0,8.0,1015.0
2024-04-02_STL_SD,20.0,50.0,8.0,1015.0
2024-04-03_STL_SD,20.0,50.0,8.0,1015.0
2024-05-12_CHC_PIT,20.0,50.0,8.0,1015.0
2024-05-05_COL_PIT,20.0,50.0,8.0,1015.0
2024-05-11_CHC_PIT,20.0,50.0,8.0,1015.0
2024-05-10_CHC_PIT,20.0,50.0,8.0,1015.0
2024-05-08_LAA_PIT,20.0,50.0,8.0,1015.0
2024-05-07_LAA_PIT,20.0,50.0,8.0,1015.0
2024-05-06_LAA_PIT,20.0,50.0,8.0,1015.0
2024-05-03_COL_PIT,20.0,50.0,8.0,1015.0
2024-05-04_COL_PIT,20.0,50.0,8.0,1015.0
2024-04-25_MIL_PIT,20.0,50.0,8.0,1015.0
2024-04-24_MIL_PIT,20.0,50.0,8.0,1015.0
2024-04-21_BOS_PIT,20.0,50.0,8.0,1015.0
2024-04-20_BOS_PIT,20.0,50.0,8.0,1015.0
2024-04-23_MIL_PIT,20.0,50.0,8.0,1015.0
2024-04-09_DET_PIT,20.0,50.0,8.0,1015.0
2024-04-19_BOS_PIT,20.0,50.0,8.0,1015.0
2024-04-22_MIL_PIT,20.0,50.0,8.0,1015.0
2024-04-08_DET_PIT,20.0,50.0,8.0,1015.0
2024-04-06_BAL_PIT,20.0,50.0,8.0,1015.0
2024-04-07_BAL_PIT,20.0,50.0,8.0,1015.0
2024-04-05_BAL_PIT,20.0,50.0,8.0,1015.0
2024-05-15_NYM_PHI,20.0,50.0,8.0,1015.0
2024-05-04_SF_PHI,20.0,50.0,8.0,1015.0
2024-05-08_TOR_PHI,20.0,50.0,8.0,1015.0
2024-05-06_SF_PHI,20.0,50.0,8.0,1015.0
2024-05-07_TOR_PHI,20.0,50.0,8.0,1015.0
2024-05-05_SF_PHI,20.0,50.0,8.0,1015.0
2024-04-21_CWS_PHI,20.0,50.0,8.0,1015.0
2024-05-03_SF_PHI,20.0,50.0,8.0,1015.0
2024-04-20_CWS_PHI,20.0,50.0,8.0,1015.0
2024-04-17_COL_PHI,20.0,50.0,8.0,1015.0
2024-04-19_CWS_PHI,20.0,50.0,8.0,1015.0
2024-04-16_COL_PHI,20.0,50.0,8.0,1015.0
2024-04-13_PIT_PHI,20.0,50.0,8.0,1015.0
2024-04-14_PIT_PHI,20.0,50.0,8.0,1015.0
2024-04-12_PIT_PHI,20.0,50.0,8.0,1015.0
2024-04-15_COL_PHI,20.0,50.0,8.0,1015.0
2024-04-02_CIN_PHI,20.0,50.0,8.0,1015.0
2024-04-01_CIN_PHI,20.0,50.0,8.0,1015.0
2024-04-11_PIT_PHI,20.0,50.0,8.0,1015.0
2024-04-03_CIN_PHI,20.0,50.0,8.0,1015.0
2024-05-08_TEX_OAK,20.0,50.0,8.0,1015.0
2024-05-08_TEX_OAK,20.0,50.0,8.0,1015.0
2024-05-03_MIA_OAK,20.0,50.0,8.0,1015.0
2024-05-04_MIA_OAK,20.0,50.0,8.0,1015.0
2024-05-05_MIA_OAK,20.0,50.0,8.0,1015.0
2024-05-07_TEX_OAK,20.0,50.0,8.0,1015.0
2024-05-06_TEX_OAK,20.0,50.0,8.0,1015.0
2024-05-01_PIT_OAK,20.0,50.0,8.0,1015.0
2024-04-17_STL_OAK,20.0,50.0,8.0,1015.0
2024-04-29_PIT_OAK,20.0,50.0,8.0,1015.0
2024-04-30_PIT_OAK,20.0,50.0,8.0,1015.0
2024-04-16_STL_OAK,20.0,50.0,8.0,1015.0
2024-04-01_BOS_OAK,20.0,50.0,8.0,1015.0
2024-04-13_WSH_OAK,20.0,50.0,8.0,1015.0
2024-04-15_STL_OAK,20.0,50.0,8.0,1015.0
2024-04-03_BOS_OAK,20.0,50.0,8.0,1015.0
2024-04-12_WSH_OAK,20.0,50.0,8.0,1015.0
2024-04-02_BOS_OAK,20.0,50.0,8.0,1015.0
2024-04-14_WSH_OAK,20.0,50.0,8.0,1015.0
2024-05-09_HOU_NYY,20.0,50.0,8.0,1015.0
2024-05-08_HOU_NYY,20.0,50.0,8.0,1015.0
2024-05-04_DET_NYY,20.0,50.0,8.0,1015.0
2024-05-05_DET_NYY,20.0,50.0,8.0,1015.0
2024-05-07_HOU_NYY,20.0,50.0,8.0,1015.0
2024-04-24_OAK_NYY,20.0,50.0,8.0,1015.0
2024-04-23_OAK_NYY,20.0,50.0,8.0,1015.0
2024-04-25_OAK_NYY,20.0,50.0,8.0,1015.0
2024-05-03_DET_NYY,20.0,50.0,8.0,1015.0
2024-04-22_OAK_NYY,20.0,50.0,8.0,1015.0
2024-04-19_TB_NYY,20.0,50.0,8.0,1015.0
2024-04-21_TB_NYY,20.0,50.0,8.0,1015.0
2024-04-20_TB_NYY,20.0,50.0,8.0,1015.0
2024-04-08_MIA_NYY,20.0,50.0,8.0,1015.0
2024-04-09_MIA_NYY,20.0,50.0,8.0,1015.0
2024-04-10_MIA_NYY,20.0,50.0,8.0,1015.0
2024-04-05_TOR_NYY,20.0,50.0,8.0,1015.0
2024-04-07_TOR_NYY,20.0,50.0,8.0,1015.0
2024-04-06_TOR_NYY,20.0,50.0,8.0,1015.0
2024-05-14_PHI_NYM,20.0,50.0,8.0,1015.0
2024-05-12_ATL_NYM,20.0,50.0,8.0,1015.0
2024-05-13_PHI_NYM,20.0,50.0,8.0,1015.0
2024-05-10_ATL_NYM,20.0,50.0,8.0,1015.0
2024-05-11_ATL_NYM,20.0,50.0,8.0,1015.0
2024-05-01_CHC_NYM,20.0,50.0,8.0,1015.0
2024-05-02_CHC_NYM,20.0,50.0,8.0,1015.0
2024-04-30_CHC_NYM,20.0,50.0,8.0,1015.0
2024-04-29_CHC_NYM,20.0,50.0,8.0,1015.0
2024-04-27_STL_NYM,20.0,50.0,8.0,1015.0
2024-04-28_STL_NYM,20.0,50.0,8.0,1015.0
2024-04-26_STL_NYM,20.0,50.0,8.0,1015.0
2024-04-17_PIT_NYM,20.0,50.0,8.0,1015.0
2024-04-16_PIT_NYM,20.0,50.0,8.0,1015.0
2024-04-12_KC_NYM,20.0,50.0,8.0,1015.0
2024-04-13_KC_NYM,20.0,50.0,8.0,1015.0
2024-04-15_PIT_NYM,20.0,50.0,8.0,1015.0
2024-04-14_KC_NYM,20.0,50.0,8.0,1015.0
2024-04-01_DET_NYM,20.0,50.0,8.0,1015.0
2024-04-04_DET_NYM,20.0,50.0,8.0,1015.0
2024-04-04_DET_NYM,20.0,50.0,8.0,1015.0
2024-05-08_SEA_MIN,20.0,50.0,8.0,1015.0
2024-05-15_NYY_MIN,20.0,50.0,8.0,1015.0
2024-05-14_NYY_MIN,20.0,50.0,8.0,1015.0
2024-05-09_SEA_MIN,20.0,50.0,8.0,1015.0
2024-05-04_BOS_MIN,20.0,50.0,8.0,1015.0
2024-05-06_SEA_MIN,20.0,50.0,8.0,1015.0
2024-05-05_BOS_MIN,20.0,50.0,8.0,1015.0
2024-05-03_BOS_MIN,20.0,50.0,8.0,1015.0
2024-05-07_SEA_MIN,20.0,50.0,8.0,1015.0
2024-04-22_CWS_MIN,20.0,50.0,8.0,1015.0
2024-04-23_CWS_MIN,20.0,50.0,8.0,1015.0
2024-04-25_CWS_MIN,20.0,50.0,8.0,1015.0
2024-04-24_CWS_MIN,20.0,50.0,8.0,1015.0
2024-04-21_DET_MIN,20.0,50.0,8.0,1015.0
2024-04-20_DET_MIN,20.0,50.0,8.0,1015.0
2024-04-19_DET_MIN,20.0,50.0,8.0,1015.0
2024-04-10_LAD_MIN,20.0,50.0,8.0,1015.0
2024-04-09_LAD_MIN,20.0,50.0,8.0,1015.0
2024-04-08_LAD_MIN,20.0,50.0,8.0,1015.0
2024-04-06_CLE_MIN,20.0,50.0,8.0,1015.0
2024-04-04_CLE_MIN,20.0,50.0,8.0,1015.0
2024-05-14_PIT_MIL,20.0,50.0,8.0,1015.0
2024-05-12_STL_MIL,20.0,50.0,8.0,1015.0
2024-05-13_PIT_MIL,20.0,50.0,8.0,1015.0
2024-05-15_PIT_MIL,20.0,50.0,8.0,1015.0
2024-05-10_STL_MIL,20.0,50.0,8.0,1015.0
2024-05-11_STL_MIL,20.0,50.0,8.0,1015.0
2024-05-09_STL_MIL,20.0,50.0,8.0,1015.0
2024-05-01_TB_MIL,20.0,50.0,8.0,1015.0
2024-04-30_TB_MIL,20.0,50.0,8.0,1015.0
2024-04-27_NYY_MIL,20.0,50.0,8.0,1015.0
2024-04-29_TB_MIL,20.0,50.0,8.0,1015.0
2024-04-26_NYY_MIL,20.0,50.0,8.0,1015.0
2024-04-28_NYY_MIL,20.0,50.0,8.0,1015.0
2024-04-15_SD_MIL,20.0,50.0,8.0,1015.0
2024-04-07_SEA_MIL,20.0,50.0,8.0,1015.0
2024-04-16_SD_MIL,20.0,50.0,8.0,1015.0
2024-04-17_SD_MIL,20.0,50.0,8.0,1015.0
2024-04-06_SEA_MIL,20.0,50.0,8.0,1015.0
2024-04-05_SEA_MIL,20.0,50.0,8.0,1015.0
2024-04-03_MIN_MIL,20.0,50.0,8.0,1015.0
2024-04-02_MIN_MIL,20.0,50.0,8.0,1015.0
2024-05-12_PHI_MIA,20.0,50.0,8.0,1015.0
2024-05-11_PHI_MIA,20.0,50.0,8.0,1015.0
2024-05-02_COL_MIA,20.0,50.0,8.0,1015.0
2024-05-10_PHI_MIA,20.0,50.0,8.0,1015.0
2024-05-01_COL_MIA,20.0,50.0,8.0,1015.0
2024-04-30_COL_MIA,20.0,50.0,8.0,1015.0
2024-04-29_WSH_MIA,20.0,50.0,8.0,1015.0
2024-04-27_WSH_MIA,20.0,50.0,8.0,1015.0
2024-04-17_SF_MIA,20.0,50.0,8.0,1015.0
2024-04-28_WSH_MIA,20.0,50.0,8.0,1015.0
2024-04-26_WSH_MIA,20.0,50.0,8.0,1015.0
2024-04-14_ATL_MIA,20.0,50.0,8.0,1015.0
2024-04-15_SF_MIA,20.0,50.0,8.0,1015.0
2024-04-16_SF_MIA,20.0,50.0,8.0,1015.0
2024-04-13_ATL_MIA,20.0,50.0,8.0,1015.0
2024-04-03_LAA_MIA,20.0,50.0,8.0,1015.0
2024-04-12_ATL_MIA,20.0,50.0,8.0,1015.0
2024-04-01_LAA_MIA,20.0,50.0,8.0,1015.0
2024-04-02_LAA_MIA,20.0,50.0,8.0,1015.0
2024-05-07_MIA_LAD,20.0,50.0,8.0,1015.0
2024-05-06_MIA_LAD,20.0,50.0,8.0,1015.0
2024-05-08_MIA_LAD,20.0,50.0,8.0,1015.0
2024-05-03_ATL_LAD,20.0,50.0,8.0,1015.0
2024-05-05_ATL_LAD,20.0,50.0,8.0,1015.0
2024-04-21_NYM_LAD,20.0,50.0,8.0,1015.0
2024-05-04_ATL_LAD,20.0,50.0,8.0,1015.0
2024-04-20_NYM_LAD,20.0,50.0,8.0,1015.0
2024-04-16_WSH_LAD,20.0,50.0,8.0,1015.0
2024-04-15_WSH_LAD,20.0,50.0,8.0,1015.0
2024-04-17_WSH_LAD,20.0,50.0,8.0,1015.0
2024-04-19_NYM_LAD,20.0,50.0,8.0,1015.0
2024-04-13_SD_LAD,20.0,50.0,8.0,1015.0
2024-04-12_SD_LAD,20.0,50.0,8.0,1015.0
2024-04-03_SF_LAD,20.0,50.0,8.0,1015.0
2024-04-14_SD_LAD,20.0,50.0,8.0,1015.0
2024-04-02_SF_LAD,20.0,50.0,8.0,1015.0
2024-04-01_SF_LAD,20.0,50.0,8.0,1015.0
2024-05-15_STL_LAA,20.0,50.0,8.0,1015.0
2024-05-11_KC_LAA,20.0,50.0,8.0,1015.0
2024-05-13_STL_LAA,20.0,50.0,8.0,1015.0
2024-05-12_KC_LAA,20.0,50.0,8.0,1015.0
2024-05-14_STL_LAA,20.0,50.0,8.0,1015.0
2024-04-29_PHI_LAA,20.0,50.0,8.0,1015.0
2024-04-28_MIN_LAA,20.0,50.0,8.0,1015.0
2024-05-01_PHI_LAA,20.0,50.0,8.0,1015.0
2024-04-30_PHI_LAA,20.0,50.0,8.0,1015.0
2024-05-10_KC_LAA,20.0,50.0,8.0,1015.0
2024-05-09_KC_LAA,20.0,50.0,8.0,1015.0
2024-04-22_BAL_LAA,20.0,50.0,8.0,1015.0
2024-04-26_MIN_LAA,20.0,50.0,8.0,1015.0
2024-04-24_BAL_LAA,20.0,50.0,8.0,1015.0
2024-04-27_MIN_LAA,20.0,50.0,8.0,1015.0
2024-04-23_BAL_LAA,20.0,50.0,8.0,1015.0
2024-04-10_TB_LAA,20.0,50.0,8.0,1015.0
2024-04-06_BOS_LAA,20.0,50.0,8.0,1015.0
2024-04-05_BOS_LAA,20.0,50.0,8.0,1015.0
2024-04-09_TB_LAA,20.0,50.0,8.0,1015.0
2024-04-07_BOS_LAA,20.0,50.0,8.0,1015.0
2024-04-08_TB_LAA,20.0,50.0,8.0,1015.0
2024-05-04_TEX_KC,20.0,50.0,8.0,1015.0
2024-05-08_MIL_KC,20.0,50.0,8.0,1015.0
2024-05-06_MIL_KC,20.0,50.0,8.0,1015.0
2024-05-05_TEX_KC,20.0,50.0,8.0,1015.0
2024-05-07_MIL_KC,20.0,50.0,8.0,1015.0
2024-04-21_BAL_KC,20.0,50.0,8.0,1015.0
2024-04-24_TOR_KC,20.0,50.0,8.0,1015.0
2024-05-03_TEX_KC,20.0,50.0,8.0,1015.0
2024-04-22_TOR_KC,20.0,50.0,8.0,1015.0
2024-04-25_TOR_KC,20.0,50.0,8.0,1015.0
2024-04-23_TOR_KC,20.0,50.0,8.0,1015.0
2024-04-11_HOU_KC,20.0,50.0,8.0,1015.0
2024-04-10_HOU_KC,20.0,50.0,8.0,1015.0
2024-04-20_BAL_KC,20.0,50.0,8.0,1015.0
2024-04-19_BAL_KC,20.0,50.0,8.0,1015.0
2024-04-09_HOU_KC,20.0,50.0,8.0,1015.0
2024-04-04_CWS_KC,20.0,50.0,8.0,1015.0
2024-04-05_CWS_KC,20.0,50.0,8.0,1015.0
2024-04-06_CWS_KC,20.0,50.0,8.0,1015.0
2024-04-07_CWS_KC,20.0,50.0,8.0,1015.0
2024-05-13_OAK_HOU,20.0,50.0,8.0,1015.0
2024-05-04_SEA_HOU,20.0,50.0,8.0,1015.0
2024-05-05_SEA_HOU,20.0,50.0,8.0,1015.0
2024-05-14_OAK_HOU,20.0,50.0,8.0,1015.0
2024-05-15_OAK_HOU,20.0,50.0,8.0,1015.0
2024-04-30_CLE_HOU,20.0,50.0,8.0,1015.0
2024-05-01_CLE_HOU,20.0,50.0,8.0,1015.0
2024-04-16_ATL_HOU,20.0,50.0,8.0,1015.0
2024-04-17_ATL_HOU,20.0,50.0,8.0,1015.0
2024-05-03_SEA_HOU,20.0,50.0,8.0,1015.0
2024-05-02_CLE_HOU,20.0,50.0,8.0,1015.0
2024-04-14_TEX_HOU,20.0,50.0,8.0,1015.0
2024-04-13_TEX_HOU,20.0,50.0,8.0,1015.0
2024-04-15_ATL_HOU,20.0,50.0,8.0,1015.0
2024-04-03_TOR_HOU,20.0,50.0,8.0,1015.0
2024-04-12_TEX_HOU,20.0,50.0,8.0,1015.0
2024-04-01_TOR_HOU,20.0,50.0,8.0,1015.0
2024-04-02_TOR_HOU,20.0,50.0,8.0,1015.0
2024-05-13_MIA_DET,20.0,50.0,8.0,1015.0
2024-05-15_MIA_DET,20.0,50.0,8.0,1015.0
2024-05-14_MIA_DET,20.0,50.0,8.0,1015.0
2024-05-12_HOU_DET,20.0,50.0,8.0,1015.0
2024-04-30_STL_DET,20.0,50.0,8.0,1015.0
2024-05-01_STL_DET,20.0,50.0,8.0,1015.0
2024-05-10_HOU_DET,20.0,50.0,8.0,1015.0
2024-05-11_HOU_DET,20.0,50.0,8.0,1015.0
2024-04-30_STL_DET,20.0,50.0,8.0,1015.0
2024-04-26_KC_DET,20.0,50.0,8.0,1015.0
2024-04-28_KC_DET,20.0,50.0,8.0,1015.0
2024-04-27_KC_DET,20.0,50.0,8.0,1015.0
2024-04-18_TEX_DET,20.0,50.0,8.0,1015.0
2024-04-16_TEX_DET,20.0,50.0,8.0,1015.0
2024-04-17_TEX_DET,20.0,50.0,8.0,1015.0
2024-04-15_TEX_DET,20.0,50.0,8.0,1015.0
2024-04-13_MIN_DET,20.0,50.0,8.0,1015.0
2024-04-13_MIN_DET,20.0,50.0,8.0,1015.0
2024-04-12_MIN_DET,20.0,50.0,8.0,1015.0
2024-04-14_MIN_DET,20.0,50.0,8.0,1015.0
2024-04-07_OAK_DET,20.0,50.0,8.0,1015.0
2024-04-05_OAK_DET,20.0,50.0,8.0,1015.0
2024-04-06_OAK_DET,20.0,50.0,8.0,1015.0
2024-05-10_TEX_COL,20.0,50.0,8.0,1015.0
2024-05-11_TEX_COL,20.0,50.0,8.0,1015.0
2024-05-12_TEX_COL,20.0,50.0,8.0,1015.0
2024-05-07_SF_COL,20.0,50.0,8.0,1015.0
2024-04-27_HOU_COL,20.0,50.0,8.0,1015.0
2024-04-28_HOU_COL,20.0,50.0,8.0,1015.0
2024-05-08_SF_COL,20.0,50.0,8.0,1015.0
2024-05-09_SF_COL,20.0,50.0,8.0,1015.0
2024-04-25_SD_COL,20.0,50.0,8.0,1015.0
2024-04-22_SD_COL,20.0,50.0,8.0,1015.0
2024-04-23_SD_COL,20.0,50.0,8.0,1015.0
2024-04-24_SD_COL,20.0,50.0,8.0,1015.0
2024-04-21_SEA_COL,20.0,50.0,8.0,1015.0
2024-04-08_AZ_COL,20.0,50.0,8.0,1015.0
2024-04-20_SEA_COL,20.0,50.0,8.0,1015.0
2024-04-09_AZ_COL,20.0,50.0,8.0,1015.0
2024-04-21_SEA_COL,20.0,50.0,8.0,1015.0
2024-04-10_AZ_COL,20.0,50.0,8.0,1015.0
2024-04-07_TB_COL,20.0,50.0,8.0,1015.0
2024-04-06_TB_COL,20.0,50.0,8.0,1015.0
2024-04-05_TB_COL,20.0,50.0,8.0,1015.0
2024-05-07_DET_CLE,20.0,50.0,8.0,1015.0
2024-05-06_DET_CLE,20.0,50.0,8.0,1015.0
2024-05-08_DET_CLE,20.0,50.0,8.0,1015.0
2024-05-05_LAA_CLE,20.0,50.0,8.0,1015.0
2024-05-04_LAA_CLE,20.0,50.0,8.0,1015.0
2024-05-03_LAA_CLE,20.0,50.0,8.0,1015.0
2024-04-25_BOS_CLE,20.0,50.0,8.0,1015.0
2024-04-23_BOS_CLE,20.0,50.0,8.0,1015.0
2024-04-14_NYY_CLE,20.0,50.0,8.0,1015.0
2024-04-24_BOS_CLE,20.0,50.0,8.0,1015.0
2024-04-19_OAK_CLE,20.0,50.0,8.0,1015.0
2024-04-20_OAK_CLE,20.0,50.0,8.0,1015.0
2024-04-21_OAK_CLE,20.0,50.0,8.0,1015.0
2024-04-09_CWS_CLE,20.0,50.0,8.0,1015.0
2024-04-08_CWS_CLE,20.0,50.0,8.0,1015.0
2024-04-10_CWS_CLE,20.0,50.0,8.0,1015.0
2024-04-13_NYY_CLE,20.0,50.0,8.0,1015.0
2024-04-13_NYY_CLE,20.0,50.0,8.0,1015.0
2024-05-09_AZ_CIN,20.0,50.0,8.0,1015.0
2024-05-08_AZ_CIN,20.0,50.0,8.0,1015.0
2024-05-07_AZ_CIN,20.0,50.0,8.0,1015.0
2024-05-05_BAL_CIN,20.0,50.0,8.0,1015.0
2024-05-04_BAL_CIN,20.0,50.0,8.0,1015.0
2024-05-03_BAL_CIN,20.0,50.0,8.0,1015.0
2024-04-23_PHI_CIN,20.0,50.0,8.0,1015.0
2024-04-22_PHI_CIN,20.0,50.0,8.0,1015.0
2024-04-25_PHI_CIN,20.0,50.0,8.0,1015.0
2024-04-24_PHI_CIN,20.0,50.0,8.0,1015.0
2024-04-20_LAA_CIN,20.0,50.0,8.0,1015.0
2024-04-21_LAA_CIN,20.0,50.0,8.0,1015.0
2024-04-10_MIL_CIN,20.0,50.0,8.0,1015.0
2024-04-19_LAA_CIN,20.0,50.0,8.0,1015.0
2024-04-06_NYM_CIN,20.0,50.0,8.0,1015.0
2024-04-09_MIL_CIN,20.0,50.0,8.0,1015.0
2024-04-05_NYM_CIN,20.0,50.0,8.0,1015.0
2024-04-07_NYM_CIN,20.0,50.0,8.0,1015.0
2024-04-08_MIL_CIN,20.0,50.0,8.0,1015.0
2024-05-15_WSH_CWS,20.0,50.0,8.0,1015.0
2024-05-14_WSH_CWS,20.0,50.0,8.0,1015.0
2024-05-11_CLE_CWS,20.0,50.0,8.0,1015.0
2024-05-12_CLE_CWS,20.0,50.0,8.0,1015.0
2024-05-14_WSH_CWS,20.0,50.0,8.0,1015.0
2024-05-01_MIN_CWS,20.0,50.0,8.0,1015.0
2024-05-10_CLE_CWS,20.0,50.0,8.0,1015.0
2024-05-09_CLE_CWS,20.0,50.0,8.0,1015.0
2024-04-27_TB_CWS,20.0,50.0,8.0,1015.0
2024-04-29_MIN_CWS,20.0,50.0,8.0,1015.0
2024-04-28_TB_CWS,20.0,50.0,8.0,1015.0
2024-04-30_MIN_CWS,20.0,50.0,8.0,1015.0
2024-04-17_KC_CWS,20.0,50.0,8.0,1015.0
2024-04-26_TB_CWS,20.0,50.0,8.0,1015.0
2024-04-17_KC_CWS,20.0,50.0,8.0,1015.0
2024-04-14_CIN_CWS,20.0,50.0,8.0,1015.0
2024-04-13_CIN_CWS,20.0,50.0,8.0,1015.0
2024-04-12_CIN_CWS,20.0,50.0,8.0,1015.0
2024-04-15_KC_CWS,20.0,50.0,8.0,1015.0
2024-04-02_ATL_CWS,20.0,50.0,8.0,1015.0
2024-04-01_ATL_CWS,20.0,50.0,8.0,1015.0
2024-05-08_SD_CHC,20.0,50.0,8.0,1015.0
2024-05-05_MIL_CHC,20.0,50.0,8.0,1015.0
2024-05-04_MIL_CHC,20.0,50.0,8.0,1015.0
2024-05-07_SD_CHC,20.0,50.0,8.0,1015.0
2024-05-06_SD_CHC,20.0,50.0,8.0,1015.0
2024-04-25_HOU_CHC,20.0,50.0,8.0,1015.0
2024-04-23_HOU_CHC,20.0,50.0,8.0,1015.0
2024-04-24_HOU_CHC,20.0,50.0,8.0,1015.0
2024-05-03_MIL_CHC,20.0,50.0,8.0,1015.0
2024-04-20_MIA_CHC,20.0,50.0,8.0,1015.0
2024-04-19_MIA_CHC,20.0,50.0,8.0,1015.0
2024-04-20_MIA_CHC,20.0,50.0,8.0,1015.0
2024-04-21_MIA_CHC,20.0,50.0,8.0,1015.0
2024-04-07_LAD_CHC,20.0,50.0,8.0,1015.0
2024-04-06_LAD_CHC,20.0,50.0,8.0,1015.0
2024-04-05_LAD_CHC,20.0,50.0,8.0,1015.0
2024-04-02_COL_CHC,20.0,50.0,8.0,1015.0
2024-04-01_COL_CHC,20.0,50.0,8.0,1015.0
2024-04-03_COL_CHC,20.0,50.0,8.0,1015.0
2024-05-15_TB_BOS,20.0,50.0,8.0,1015.0
2024-05-13_TB_BOS,20.0,50.0,8.0,1015.0
2024-05-14_TB_BOS,20.0,50.0,8.0,1015.0
2024-05-11_WSH_BOS,20.0,50.0,8.0,1015.0
2024-05-10_WSH_BOS,20.0,50.0,8.0,1015.0
2024-05-12_WSH_BOS,20.0,50.0,8.0,1015.0
2024-05-01_SF_BOS,20.0,50.0,8.0,1015.0
2024-04-28_CHC_BOS,20.0,50.0,8.0,1015.0
2024-04-30_SF_BOS,20.0,50.0,8.0,1015.0
2024-05-02_SF_BOS,20.0,50.0,8.0,1015.0
2024-04-18_CLE_BOS,20.0,50.0,8.0,1015.0
2024-04-27_CHC_BOS,20.0,50.0,8.0,1015.0
2024-04-26_CHC_BOS,20.0,50.0,8.0,1015.0
2024-04-17_CLE_BOS,20.0,50.0,8.0,1015.0
2024-04-15_CLE_BOS,20.0,50.0,8.0,1015.0
2024-04-14_LAA_BOS,20.0,50.0,8.0,1015.0
2024-04-16_CLE_BOS,20.0,50.0,8.0,1015.0
2024-04-11_BAL_BOS,20.0,50.0,8.0,1015.0
2024-04-12_LAA_BOS,20.0,50.0,8.0,1015.0
2024-04-13_LAA_BOS,20.0,50.0,8.0,1015.0
2024-04-10_BAL_BOS,20.0,50.0,8.0,1015.0
2024-04-09_BAL_BOS,20.0,50.0,8.0,1015.0
2024-05-15_TOR_BAL,20.0,50.0,8.0,1015.0
2024-05-13_TOR_BAL,20.0,50.0,8.0,1015.0
2024-05-11_AZ_BAL,20.0,50.0,8.0,1015.0
2024-05-12_AZ_BAL,20.0,50.0,8.0,1015.0
2024-05-10_AZ_BAL,20.0,50.0,8.0,1015.0
2024-05-02_NYY_BAL,20.0,50.0,8.0,1015.0
2024-04-28_OAK_BAL,20.0,50.0,8.0,1015.0
2024-04-29_NYY_BAL,20.0,50.0,8.0,1015.0
2024-04-30_NYY_BAL,20.0,50.0,8.0,1015.0
2024-05-01_NYY_BAL,20.0,50.0,8.0,1015.0
2024-04-17_MIN_BAL,20.0,50.0,8.0,1015.0
2024-04-26_OAK_BAL,20.0,50.0,8.0,1015.0
2024-04-16_MIN_BAL,20.0,50.0,8.0,1015.0
2024-04-27_OAK_BAL,20.0,50.0,8.0,1015.0
2024-04-15_MIN_BAL,20.0,50.0,8.0,1015.0
2024-04-13_MIL_BAL,20.0,50.0,8.0,1015.0
2024-04-12_MIL_BAL,20.0,50.0,8.0,1015.0
2024-04-14_MIL_BAL,20.0,50.0,8.0,1015.0
2024-04-02_KC_BAL,20.0,50.0,8.0,1015.0
2024-04-01_KC_BAL,20.0,50.0,8.0,1015.0
2024-04-03_KC_BAL,20.0,50.0,8.0,1015.0
2024-05-15_CHC_ATL,20.0,50.0,8.0,1015.0
2024-05-14_CHC_ATL,20.0,50.0,8.0,1015.0
2024-04-28_CLE_ATL,20.0,50.0,8.0,1015.0
2024-05-07_BOS_ATL,20.0,50.0,8.0,1015.0
2024-05-08_BOS_ATL,20.0,50.0,8.0,1015.0
2024-05-13_CHC_ATL,20.0,50.0,8.0,1015.0
2024-04-26_CLE_ATL,20.0,50.0,8.0,1015.0
2024-04-23_MIA_ATL,20.0,50.0,8.0,1015.0
2024-04-27_CLE_ATL,20.0,50.0,8.0,1015.0
2024-04-24_MIA_ATL,20.0,50.0,8.0,1015.0
2024-04-21_TEX_ATL,20.0,50.0,8.0,1015.0
2024-04-22_MIA_ATL,20.0,50.0,8.0,1015.0
2024-04-20_TEX_ATL,20.0,50.0,8.0,1015.0
2024-04-19_TEX_ATL,20.0,50.0,8.0,1015.0
2024-04-11_NYM_ATL,20.0,50.0,8.0,1015.0
2024-04-09_NYM_ATL,20.0,50.0,8.0,1015.0
2024-04-06_AZ_ATL,20.0,50.0,8.0,1015.0
2024-04-07_AZ_ATL,20.0,50.0,8.0,1015.0
2024-04-08_NYM_ATL,20.0,50.0,8.0,1015.0
2024-04-05_AZ_ATL,20.0,50.0,8.0,1015.0
2024-05-15_CIN_AZ,20.0,50.0,8.0,1015.0
2024-05-13_CIN_AZ,20.0,50.0,8.0,1015.0
2024-05-14_CIN_AZ,20.0,50.0,8.0,1015.0
2024-05-05_SD_AZ,20.0,50.0,8.0,1015.0
2024-05-01_LAD_AZ,20.0,50.0,8.0,1015.0
2024-05-03_SD_AZ,20.0,50.0,8.0,1015.0
2024-05-04_SD_AZ,20.0,50.0,8.0,1015.0
2024-04-30_LAD_AZ,20.0,50.0,8.0,1015.0
2024-04-29_LAD_AZ,20.0,50.0,8.0,1015.0
2024-04-17_CHC_AZ,20.0,50.0,8.0,1015.0
2024-04-15_CHC_AZ,20.0,50.0,8.0,1015.0
2024-04-16_CHC_AZ,20.0,50.0,8.0,1015.0
2024-04-13_STL_AZ,20.0,50.0,8.0,1015.0
2024-04-14_STL_AZ,20.0,50.0,8.0,1015.0
2024-04-12_STL_AZ,20.0,50.0,8.0,1015.0
2024-04-01_NYY_AZ,20.0,50.0,8.0,1015.0
2024-04-03_NYY_AZ,20.0,50.0,8.0,1015.0
2024-04-02_NYY_AZ,20.0,50.0,8.0,1015.0
